Campaign_ID,Brand_Name,Influencer_Name,Influencer_Platform,Follower_Count,Post_Date,Post_Type,Likes,Comments,Shares,Views,Engagement_Rate,Product_Name,Sales_Before_Campaign,Sales_After_Campaign,Campaign_Cost,Revenue_Generated,ROI
1,Nykaa,Influencer_9,Instagram,848039,02-05-2025,Reel,22088,685,2188,163078,15.31,Watch,1575,2817,11608,25893,123.06
2,Samsung,Influencer_33,YouTube,429837,25-04-2025,Story,39035,626,1885,20816,199.59,Shoes,2329,5263,14553,43070,195.95
3,Boat,Influencer_76,TikTok,351728,12-06-2025,Reel,47942,600,3906,127627,41.09,Shoes,3477,3701,9633,15841,64.45
4,Mamaearth,Influencer_59,YouTube,152003,06-05-2025,Story,40945,1964,3303,58203,79.4,Cosmetics,1481,4451,12166,14848,22.05
5,Boat,Influencer_3,TikTok,912004,21-03-2025,Post,41028,513,640,74197,56.85,Shoes,4998,7622,4013,22932,471.44
6,Adidas,Influencer_94,YouTube,602631,15-01-2025,Reel,10616,717,4625,134002,11.91,Shoes,1572,2825,16758,40986,144.58
7,Samsung,Influencer_114,TikTok,396893,09-02-2025,Story,7235,634,3418,120819,9.34,Watch,4458,5557,3297,34362,942.22
8,Nykaa,Influencer_62,Instagram,799600,21-04-2025,Post,10033,1209,2684,91720,15.18,Smartphone,2487,3675,10811,33105,206.22
9,Nykaa,Influencer_26,TikTok,751816,10-06-2025,Video,26442,90,168,116302,22.96,Watch,4675,5838,18651,6394,-65.72
10,Adidas,Influencer_26,TikTok,241718,19-04-2025,Story,48042,1809,509,199338,25.26,Shoes,4179,6330,13160,23815,80.97
11,Adidas,Influencer_66,Instagram,688198,07-02-2025,Story,15117,1315,706,24328,70.45,Protein,3029,3469,1071,34697,3139.68
12,Boat,Influencer_19,Instagram,394371,28-04-2025,Story,47318,195,3665,192613,26.57,Cosmetics,4651,7316,3632,13247,264.73
13,Nike,Influencer_66,YouTube,583932,28-02-2025,Story,44131,264,2517,6547,716.54,Smartphone,3502,4022,3338,14145,323.76
14,Boat,Influencer_25,TikTok,107755,23-04-2025,Story,3927,1935,2712,98970,8.66,Headphones,1062,1478,18816,7452,-60.4
15,Samsung,Influencer_113,Instagram,913529,13-01-2025,Video,46153,648,2169,45010,108.8,Shoes,3223,3474,2786,33716,1110.19
16,Nykaa,Influencer_82,YouTube,187559,28-01-2025,Story,12236,945,4219,56954,30.55,Protein,4783,6587,3545,25228,611.65
17,Nykaa,Influencer_94,TikTok,648923,27-06-2025,Story,34362,625,3405,144139,26.64,Headphones,3316,4113,10006,12637,26.29
18,Adidas,Influencer_50,YouTube,748007,05-05-2025,Video,17791,766,4782,156934,14.87,Headphones,4390,7158,18396,46225,151.28
19,Mamaearth,Influencer_66,TikTok,312193,20-01-2025,Video,35051,1178,4576,54490,74.89,Shoes,3916,5736,12094,9616,-20.49
20,Boat,Influencer_21,Instagram,914983,17-04-2025,Story,23564,230,303,144354,16.69,Shoes,1684,4391,12698,42269,232.88
21,Mamaearth,Influencer_85,YouTube,554850,03-02-2025,Post,42221,348,759,43788,98.95,Cosmetics,4584,5170,12507,24256,93.94
22,Mamaearth,Influencer_63,TikTok,926309,18-03-2025,Post,38150,249,4562,87962,48.84,Shoes,3334,5300,19791,23816,20.34
23,Mamaearth,Influencer_70,YouTube,463689,26-06-2025,Post,42335,796,3841,125678,37.37,Shoes,3102,4174,11509,29245,154.11
24,Mamaearth,Influencer_2,YouTube,493414,06-02-2025,Story,41167,835,1155,61560,70.11,Headphones,3985,4680,14762,11639,-21.16
25,Nike,Influencer_19,YouTube,116357,20-04-2025,Video,26033,1016,4919,137429,23.26,Watch,4433,4727,6221,19618,215.35
26,Mamaearth,Influencer_39,Instagram,643370,11-03-2025,Post,34703,648,1548,105334,35.03,Shoes,3522,4536,3098,34592,1016.59
27,Mamaearth,Influencer_2,TikTok,515583,27-05-2025,Video,5672,207,508,24548,26.02,Smartphone,3624,5104,18857,49087,160.31
28,Mamaearth,Influencer_43,TikTok,777961,27-06-2025,Video,3371,896,1665,174178,3.41,Cosmetics,3250,5614,15893,27508,73.08
29,Nike,Influencer_113,Instagram,389326,17-05-2025,Story,20597,119,464,119393,17.74,Smartphone,2744,4082,1095,16968,1449.59
30,Boat,Influencer_42,TikTok,606098,30-01-2025,Video,12893,1970,4671,97762,19.98,Shoes,3057,5864,10842,20647,90.44
31,Samsung,Influencer_111,TikTok,62764,06-02-2025,Reel,40038,1098,3259,143235,30.99,Protein,4642,4922,9785,46663,376.88
32,Nykaa,Influencer_50,TikTok,189505,30-04-2025,Reel,43179,942,4268,8897,543.88,Shoes,4814,5761,7435,13395,80.16
33,Mamaearth,Influencer_93,YouTube,603638,03-01-2025,Video,6551,1677,1870,55642,18.15,Cosmetics,2313,3520,11163,43438,289.12
34,Nykaa,Influencer_120,YouTube,956529,04-03-2025,Reel,49005,909,3758,172105,31.19,Protein,2828,5722,2233,17118,666.59
35,Adidas,Influencer_82,YouTube,437705,21-02-2025,Reel,37015,1991,4620,44617,97.78,Headphones,4521,6618,1952,5476,180.53
36,Nike,Influencer_69,Instagram,431621,01-06-2025,Reel,19888,486,817,110948,19.1,Watch,3924,6825,14644,30844,110.63
37,Adidas,Influencer_18,Instagram,771735,26-04-2025,Reel,29724,284,2874,127683,25.75,Headphones,2151,2577,13964,33389,139.11
38,Boat,Influencer_16,TikTok,125750,11-06-2025,Post,10208,807,3959,33994,44.05,Watch,4279,4882,16084,43233,168.8
39,Samsung,Influencer_13,TikTok,678331,24-04-2025,Reel,24573,1466,2052,50666,55.44,Watch,4658,6276,12519,18550,48.17
40,Mamaearth,Influencer_32,Instagram,694618,16-01-2025,Story,5218,1803,2433,131939,7.17,Watch,3883,6839,1139,14459,1169.45
41,Adidas,Influencer_44,YouTube,727469,08-01-2025,Video,11183,1478,1779,37638,38.37,Watch,2032,4442,17483,36397,108.19
42,Adidas,Influencer_68,Instagram,698613,14-03-2025,Post,5916,107,2632,70009,12.36,Watch,4208,6451,14766,6229,-57.82
43,Mamaearth,Influencer_82,Instagram,60030,26-02-2025,Reel,46079,1823,3163,39062,130.73,Smartphone,1694,3575,10073,15273,51.62
44,Adidas,Influencer_60,YouTube,402982,28-03-2025,Reel,28246,1185,4340,191386,17.65,Watch,1954,3714,3843,42140,996.54
45,Nykaa,Influencer_69,YouTube,499338,29-05-2025,Reel,28172,108,4086,15221,212.64,Cosmetics,2827,4602,12640,35980,184.65
46,Nykaa,Influencer_95,TikTok,57177,11-03-2025,Video,14851,1267,4231,21357,95.28,Shoes,3536,3802,18432,21422,16.22
47,Mamaearth,Influencer_94,TikTok,415284,11-05-2025,Story,49200,528,1779,92524,55.67,Smartphone,1752,2877,15330,33587,119.09
48,Nike,Influencer_30,YouTube,650011,29-01-2025,Post,38935,1026,2982,175239,24.51,Cosmetics,4602,7389,16549,46428,180.55
49,Mamaearth,Influencer_98,Instagram,567130,02-04-2025,Story,33330,849,302,180901,19.06,Protein,1877,2921,6786,8658,27.59
50,Mamaearth,Influencer_89,YouTube,469023,15-01-2025,Video,48151,1064,2667,25489,203.55,Cosmetics,3802,6375,12563,28037,123.17
51,Boat,Influencer_50,Instagram,883608,09-06-2025,Video,26574,1983,3340,99357,32.1,Watch,3608,4512,18474,27715,50.02
52,Mamaearth,Influencer_40,Instagram,167195,29-06-2025,Video,37976,1035,4414,199697,21.75,Headphones,4337,7155,13745,43875,219.21
53,Mamaearth,Influencer_72,TikTok,500195,24-03-2025,Reel,33580,1974,1093,13018,281.51,Smartphone,3112,4184,13759,44960,226.77
54,Adidas,Influencer_83,YouTube,797256,10-04-2025,Video,33838,374,2961,172708,21.52,Headphones,2718,4868,5260,8322,58.21
55,Mamaearth,Influencer_51,Instagram,903387,08-03-2025,Video,7531,826,2319,31633,33.75,Protein,4852,5225,15367,5479,-64.35
56,Samsung,Influencer_64,Instagram,480321,13-03-2025,Post,9533,1170,1247,37104,32.21,Cosmetics,4038,5758,11772,7520,-36.12
57,Adidas,Influencer_21,Instagram,761981,27-06-2025,Post,10589,1800,522,188803,6.84,Shoes,4428,5971,3632,42780,1077.86
58,Mamaearth,Influencer_33,YouTube,791464,27-01-2025,Reel,10283,1480,2731,49404,29.34,Protein,2592,4553,18020,15681,-12.98
59,Mamaearth,Influencer_27,YouTube,426421,17-04-2025,Reel,13889,932,3095,11264,159.06,Cosmetics,4920,7799,11473,46863,308.46
60,Boat,Influencer_112,YouTube,834072,22-05-2025,Post,4686,654,3317,63266,13.68,Headphones,4618,7558,8384,26860,220.37
61,Adidas,Influencer_77,YouTube,301146,05-02-2025,Reel,19856,849,1786,153068,14.69,Smartphone,2469,4001,4357,12912,196.35
62,Nike,Influencer_94,Instagram,83485,30-06-2025,Reel,20062,1463,2394,39159,61.08,Protein,4898,7693,1368,39832,2811.7
63,Samsung,Influencer_90,TikTok,475912,17-06-2025,Post,13014,316,24,127270,10.49,Headphones,2024,4660,1775,28744,1519.38
64,Mamaearth,Influencer_58,TikTok,761205,29-06-2025,Reel,36369,862,1256,142726,26.97,Headphones,4128,4466,14766,44287,199.93
65,Mamaearth,Influencer_79,Instagram,14521,13-04-2025,Video,47094,1400,2965,20126,255.68,Shoes,4151,5920,10565,46691,341.94
66,Adidas,Influencer_100,Instagram,480192,17-02-2025,Reel,41014,1605,4094,66347,70.41,Headphones,1263,3403,7873,34035,332.3
67,Samsung,Influencer_5,TikTok,489388,10-01-2025,Story,26155,1999,1270,179585,16.38,Watch,2520,2868,3047,43154,1316.28
68,Nykaa,Influencer_55,YouTube,665221,14-05-2025,Video,14352,168,2217,132313,12.65,Shoes,2736,4341,4448,38454,764.52
69,Boat,Influencer_85,YouTube,240509,16-06-2025,Reel,41291,1688,1280,82653,53.55,Watch,2162,2982,18032,22860,26.77
70,Nykaa,Influencer_55,YouTube,501868,26-03-2025,Video,13116,811,4984,24609,76.85,Protein,3355,6086,9566,28455,197.46
71,Nike,Influencer_115,YouTube,977188,25-04-2025,Story,46718,1288,1859,194806,25.6,Cosmetics,4962,7722,14627,10039,-31.37
72,Samsung,Influencer_34,Instagram,120431,13-03-2025,Reel,37838,813,2283,124429,32.9,Watch,2141,3409,10388,13309,28.12
73,Nykaa,Influencer_37,TikTok,648563,26-06-2025,Post,39490,1337,2100,149258,28.76,Protein,4229,5473,16528,27724,67.74
74,Nykaa,Influencer_11,YouTube,837593,24-06-2025,Post,15094,1962,3902,178598,11.73,Watch,1190,1475,7786,9541,22.54
75,Samsung,Influencer_91,TikTok,959939,06-05-2025,Reel,7656,1308,3461,177233,7.01,Headphones,4660,5927,14213,36544,157.12
76,Boat,Influencer_4,Instagram,111287,25-04-2025,Reel,28018,1888,2802,85537,38.24,Shoes,4973,6714,5812,20636,255.06
77,Nike,Influencer_70,TikTok,280042,19-04-2025,Reel,22055,763,1634,125745,19.45,Protein,1776,4137,19226,11039,-42.58
78,Samsung,Influencer_83,YouTube,403875,11-03-2025,Video,15650,359,1718,27599,64.23,Shoes,3472,4775,13372,37081,177.3
79,Nykaa,Influencer_107,YouTube,547761,03-06-2025,Video,38098,1993,1172,91328,45.18,Cosmetics,1658,2668,6504,22329,243.31
80,Nike,Influencer_93,TikTok,413492,30-05-2025,Reel,8505,1013,2647,189705,6.41,Headphones,4848,5626,15096,44018,191.59
81,Nykaa,Influencer_76,Instagram,54147,15-01-2025,Story,5558,1419,4688,69092,16.88,Watch,4945,6734,15273,30133,97.3
82,Boat,Influencer_20,Instagram,518365,25-04-2025,Video,35026,1826,632,149362,25.1,Protein,4404,6124,8167,24385,198.58
83,Adidas,Influencer_24,Instagram,377697,16-03-2025,Post,40068,1690,4793,77769,59.86,Shoes,4219,5038,19102,11558,-39.49
84,Nike,Influencer_88,YouTube,494650,18-04-2025,Video,7391,1090,924,75276,12.49,Smartphone,2365,5198,16383,23321,42.35
85,Boat,Influencer_114,YouTube,531591,17-01-2025,Story,3025,377,880,10543,40.61,Cosmetics,2663,4844,13873,20327,46.52
86,Nike,Influencer_11,TikTok,906379,07-03-2025,Reel,16519,1967,399,128716,14.67,Headphones,2515,5097,13287,28977,118.09
87,Adidas,Influencer_31,TikTok,943328,25-03-2025,Story,49003,1242,314,90744,55.72,Shoes,4074,4503,9557,17079,78.71
88,Samsung,Influencer_60,YouTube,662281,21-02-2025,Reel,24641,1214,4923,191227,16.1,Smartphone,1347,3769,5832,24694,323.42
89,Mamaearth,Influencer_103,Instagram,285434,07-06-2025,Story,8433,516,2760,154817,7.56,Cosmetics,4148,6175,18731,11857,-36.7
90,Nike,Influencer_10,TikTok,633218,16-01-2025,Story,29184,998,4381,69738,49.56,Protein,4371,4595,4604,38473,735.64
91,Mamaearth,Influencer_69,YouTube,264598,11-02-2025,Post,4271,1627,2438,114010,7.31,Headphones,3405,4637,18046,23799,31.88
92,Nike,Influencer_48,YouTube,202470,30-04-2025,Story,20809,1196,1402,119081,19.66,Cosmetics,2744,4851,12538,47681,280.29
93,Adidas,Influencer_39,YouTube,112605,04-03-2025,Post,5784,779,490,49997,14.11,Protein,1404,1903,2138,46033,2053.09
94,Adidas,Influencer_86,TikTok,727721,23-05-2025,Story,38586,1910,4479,111162,40.46,Shoes,2234,4186,15915,20016,25.77
95,Nike,Influencer_100,YouTube,295583,02-02-2025,Reel,34138,1192,94,8122,436.15,Cosmetics,3678,5307,19265,44820,132.65
96,Boat,Influencer_89,TikTok,555837,29-03-2025,Reel,40447,493,1649,130104,32.73,Protein,3436,4265,8469,31342,270.08
97,Mamaearth,Influencer_95,TikTok,891536,12-06-2025,Story,17555,1167,4468,183685,12.62,Protein,2178,3654,12046,30132,150.14
98,Nykaa,Influencer_56,YouTube,388846,17-03-2025,Story,48926,814,3957,48864,109.89,Shoes,3410,3829,9500,34212,260.13
99,Adidas,Influencer_119,Instagram,212347,17-06-2025,Story,4153,944,2612,99591,7.74,Watch,2060,4045,4440,25108,465.5
100,Nike,Influencer_30,Instagram,806805,09-05-2025,Video,7201,521,3059,112181,9.61,Smartphone,1391,1615,19858,38591,94.33
101,Samsung,Influencer_117,TikTok,574165,28-01-2025,Post,45787,712,4005,35871,140.79,Smartphone,1667,4613,9507,39122,311.51
102,Samsung,Influencer_9,Instagram,177877,28-04-2025,Post,13643,364,4279,133982,13.65,Headphones,2249,3646,19380,24075,24.23
103,Boat,Influencer_40,Instagram,787673,23-02-2025,Post,7309,1670,4872,147465,9.39,Watch,4600,5677,7347,24767,237.1
104,Mamaearth,Influencer_115,TikTok,201439,07-06-2025,Post,22222,1237,1601,43223,57.98,Smartphone,3645,6601,4248,47190,1010.88
105,Nykaa,Influencer_44,Instagram,847572,18-01-2025,Reel,23259,734,4175,129704,21.72,Headphones,3475,6350,17715,47611,168.76
106,Boat,Influencer_84,Instagram,456565,21-01-2025,Reel,11078,1854,1633,143446,10.15,Protein,4300,5059,14781,15342,3.8
107,Nykaa,Influencer_49,Instagram,828368,16-05-2025,Story,44887,654,4255,12063,412.8,Smartphone,2961,4306,12734,10051,-21.07
108,Nike,Influencer_44,Instagram,614002,17-04-2025,Post,29746,91,2024,90137,35.35,Watch,4373,6765,4817,12017,149.47
109,Nike,Influencer_120,Instagram,994208,20-05-2025,Post,28099,419,2892,147402,21.31,Smartphone,3510,5725,18699,40008,113.96
110,Nykaa,Influencer_8,YouTube,579720,15-02-2025,Reel,18906,1643,2951,190625,12.33,Headphones,4657,4967,6371,45729,617.77
111,Adidas,Influencer_20,TikTok,237601,13-04-2025,Reel,30910,1167,1874,187573,18.1,Headphones,3947,5106,16025,7198,-55.08
112,Boat,Influencer_40,TikTok,855982,09-06-2025,Post,2168,769,2178,23919,21.38,Shoes,3405,5205,7569,38443,407.9
113,Adidas,Influencer_4,TikTok,473694,28-04-2025,Reel,5569,508,1883,164049,4.85,Headphones,4924,5221,13862,49856,259.66
114,Samsung,Influencer_6,TikTok,504785,30-01-2025,Reel,40161,1496,2714,61606,72.02,Shoes,4203,5311,14249,23884,67.62
115,Boat,Influencer_77,TikTok,101214,26-06-2025,Reel,23821,751,159,198499,12.46,Headphones,3472,4126,11884,47243,297.53
116,Boat,Influencer_88,YouTube,454382,03-06-2025,Post,22632,606,1753,47237,52.91,Protein,1877,2245,10956,19744,80.21
117,Samsung,Influencer_41,Instagram,846984,03-04-2025,Video,1306,950,2094,169729,2.56,Watch,2196,3476,5002,46536,830.35
118,Nike,Influencer_41,YouTube,188592,31-01-2025,Reel,45473,671,1300,60679,78.19,Headphones,3599,5553,13701,17983,31.25
119,Nike,Influencer_7,Instagram,698528,17-05-2025,Reel,30307,1612,2513,189611,18.16,Watch,2103,3080,5920,7293,23.19
120,Mamaearth,Influencer_82,Instagram,623995,11-04-2025,Reel,28384,127,4981,107787,31.07,Protein,1724,4423,12473,24034,92.69
121,Mamaearth,Influencer_10,Instagram,78580,02-06-2025,Post,42407,1609,2136,92139,50.09,Watch,2072,2331,8954,41314,361.4
122,Adidas,Influencer_69,YouTube,741911,02-02-2025,Post,36738,1879,2316,132180,30.97,Smartphone,3464,5304,6036,32940,445.73
123,Boat,Influencer_100,Instagram,120595,12-04-2025,Post,35198,1882,757,20793,181.97,Smartphone,2444,3706,16127,27295,69.25
124,Boat,Influencer_66,TikTok,130748,24-02-2025,Video,12622,161,4655,62008,28.12,Watch,2503,2876,12547,8457,-32.6
125,Samsung,Influencer_18,YouTube,784259,26-01-2025,Video,19524,223,1384,31559,66.96,Smartphone,1609,3176,2379,38976,1538.34
126,Nykaa,Influencer_58,Instagram,601417,30-01-2025,Video,46512,663,4544,160721,32.18,Shoes,2465,3461,12649,22313,76.4
127,Boat,Influencer_96,YouTube,65295,14-05-2025,Video,22586,246,1002,137812,17.29,Watch,4823,5053,10016,23931,138.93
128,Adidas,Influencer_87,YouTube,897374,20-05-2025,Post,36391,925,2190,104329,37.87,Smartphone,2292,3313,8390,11534,37.47
129,Adidas,Influencer_43,YouTube,965705,22-01-2025,Reel,35298,275,2180,140640,26.84,Headphones,1742,2321,6575,44525,577.19
130,Nykaa,Influencer_63,Instagram,864476,17-05-2025,Story,22526,1654,2592,96551,27.73,Shoes,1329,1617,19986,30708,53.65
131,Nike,Influencer_5,TikTok,243689,05-03-2025,Story,6579,1135,741,95750,8.83,Cosmetics,2875,3273,17132,43599,154.49
132,Adidas,Influencer_28,TikTok,541298,30-05-2025,Post,35878,100,1436,84781,44.13,Shoes,1741,1981,13302,30441,128.85
133,Samsung,Influencer_23,YouTube,551203,13-05-2025,Video,22356,1751,1512,160665,15.95,Protein,4435,6638,4935,29242,492.54
134,Samsung,Influencer_106,YouTube,767935,26-03-2025,Video,14464,1107,4043,180302,10.88,Shoes,3458,5322,1472,37271,2432
135,Boat,Influencer_109,YouTube,409970,23-06-2025,Story,14098,1160,4014,97462,19.77,Smartphone,4478,7038,9394,43599,364.12
136,Adidas,Influencer_81,TikTok,333796,18-05-2025,Video,47821,901,280,67866,72.2,Protein,1893,2285,2943,41329,1304.32
137,Mamaearth,Influencer_68,TikTok,217851,07-03-2025,Video,26453,735,4699,62532,50.99,Shoes,2889,5395,5364,26169,387.86
138,Samsung,Influencer_82,YouTube,221755,18-03-2025,Reel,42428,1482,4639,92581,52.44,Protein,4373,5901,13161,44159,235.53
139,Samsung,Influencer_57,TikTok,473112,16-02-2025,Video,47820,1082,3951,82234,64.27,Watch,3724,5198,16987,16168,-4.82
140,Samsung,Influencer_37,Instagram,770117,19-02-2025,Story,24973,1052,3918,69356,43.17,Smartphone,4861,7824,8286,34160,312.26
141,Samsung,Influencer_41,Instagram,892279,21-02-2025,Post,23115,369,4814,62411,45.34,Headphones,4553,7402,3797,5852,54.12
142,Boat,Influencer_120,TikTok,649447,09-01-2025,Video,5389,624,154,65742,9.38,Protein,4673,6932,14371,41734,190.4
143,Adidas,Influencer_27,Instagram,568118,01-04-2025,Video,17179,544,4885,52437,43.11,Shoes,2521,5080,16364,44377,171.19
144,Mamaearth,Influencer_37,Instagram,179351,24-02-2025,Story,34463,1925,4896,99683,41.42,Protein,1022,1797,15713,8270,-47.37
145,Samsung,Influencer_41,Instagram,359440,06-03-2025,Reel,35549,832,2344,177234,21.85,Cosmetics,1743,3604,18492,7744,-58.12
146,Nykaa,Influencer_76,Instagram,878174,10-03-2025,Video,36973,1248,591,190181,20.41,Cosmetics,3391,5373,16930,35589,110.21
147,Nykaa,Influencer_13,YouTube,271480,07-04-2025,Video,39998,1060,62,102269,40.21,Smartphone,2940,4993,15736,36568,132.38
148,Boat,Influencer_11,TikTok,477846,23-01-2025,Post,16279,1522,4646,142323,15.77,Shoes,1949,3227,13968,21152,51.43
149,Mamaearth,Influencer_67,YouTube,242875,10-05-2025,Post,8795,1690,665,175026,6.37,Shoes,4916,5250,3134,49278,1472.37
150,Adidas,Influencer_98,YouTube,131371,25-03-2025,Story,31834,1106,4376,95286,39.16,Smartphone,3953,4238,11876,8351,-29.68
151,Nykaa,Influencer_104,YouTube,134603,03-06-2025,Reel,16457,284,2282,170083,11.18,Cosmetics,4819,5537,2026,17647,771.03
152,Samsung,Influencer_24,Instagram,223348,11-02-2025,Story,25731,878,4363,142401,21.75,Shoes,1363,3570,17529,41146,134.73
153,Nykaa,Influencer_106,Instagram,237803,04-01-2025,Post,33219,612,4857,5720,676.36,Shoes,3688,6180,13761,11141,-19.04
154,Samsung,Influencer_45,YouTube,908795,11-02-2025,Reel,13229,942,4489,55799,33.44,Smartphone,2815,4477,13938,13464,-3.4
155,Nykaa,Influencer_52,Instagram,72255,26-02-2025,Story,37862,526,753,33066,118.37,Shoes,1903,4154,10266,45325,341.51
156,Nykaa,Influencer_41,YouTube,99648,21-05-2025,Video,6184,963,3168,77669,13.28,Headphones,4884,6572,14713,18348,24.71
157,Mamaearth,Influencer_7,Instagram,13451,17-03-2025,Post,33600,359,4375,37132,103.24,Watch,3659,4650,9249,22151,139.5
158,Adidas,Influencer_61,TikTok,658185,27-05-2025,Reel,37586,1624,3160,70195,60.36,Smartphone,1560,2144,18366,34200,86.21
159,Samsung,Influencer_66,TikTok,103905,09-02-2025,Video,14054,175,2201,27609,59.51,Headphones,4165,7107,5130,32292,529.47
160,Nike,Influencer_19,Instagram,973075,18-06-2025,Story,10477,928,3747,55334,27.38,Cosmetics,1046,2161,12769,33543,162.69
161,Samsung,Influencer_8,TikTok,760913,04-03-2025,Post,16620,911,1575,12578,151.9,Headphones,4082,5744,7423,20652,178.22
162,Nykaa,Influencer_54,Instagram,581251,04-05-2025,Video,25627,196,1104,110007,24.48,Protein,1224,2848,12262,12750,3.98
163,Adidas,Influencer_45,YouTube,901525,19-05-2025,Post,37929,615,3479,106655,39.4,Cosmetics,4908,7389,4019,44182,999.33
164,Nike,Influencer_80,Instagram,462542,18-04-2025,Post,36316,1701,52,109538,34.75,Smartphone,1076,2932,12645,35568,181.28
165,Nykaa,Influencer_61,Instagram,689801,12-03-2025,Video,5631,1571,292,183980,4.07,Shoes,2060,3889,10751,9160,-14.8
166,Mamaearth,Influencer_28,TikTok,280537,10-01-2025,Post,36884,932,3717,45634,91.01,Smartphone,2743,5474,1456,34425,2264.35
167,Samsung,Influencer_1,TikTok,795025,02-04-2025,Story,37971,602,1320,139029,28.69,Protein,4152,5066,2352,8497,261.27
168,Samsung,Influencer_65,TikTok,306313,19-06-2025,Reel,34080,309,2158,103323,35.37,Shoes,4106,5789,14387,7984,-44.51
169,Samsung,Influencer_50,TikTok,753489,29-01-2025,Reel,33446,889,2418,28390,129.46,Watch,3761,4079,16874,44124,161.49
170,Mamaearth,Influencer_32,YouTube,878552,22-03-2025,Post,22623,1239,1900,91853,28.05,Protein,3632,3933,8137,30713,277.45
171,Nykaa,Influencer_105,Instagram,454735,27-02-2025,Post,43582,207,3424,189831,24.87,Shoes,3959,6201,13336,48652,264.82
172,Samsung,Influencer_15,YouTube,639270,22-06-2025,Post,3535,278,31,170782,2.25,Smartphone,3104,4218,15491,16046,3.58
173,Boat,Influencer_72,TikTok,542186,02-06-2025,Post,12661,192,1559,108232,13.32,Cosmetics,4728,6133,3198,5237,63.76
174,Boat,Influencer_44,TikTok,202910,25-03-2025,Story,32943,1958,1222,181957,19.85,Smartphone,4492,5003,10232,43771,327.79
175,Adidas,Influencer_60,YouTube,120405,15-03-2025,Reel,7567,1278,1062,118234,8.38,Headphones,1825,4223,10824,21821,101.6
176,Nykaa,Influencer_102,Instagram,497911,11-06-2025,Post,37452,1542,2817,187868,22.26,Shoes,2733,5190,3083,46349,1403.37
177,Boat,Influencer_28,YouTube,451316,08-04-2025,Post,33901,526,4663,66193,59.05,Watch,3958,6431,18996,16145,-15.01
178,Nykaa,Influencer_60,YouTube,506866,25-02-2025,Reel,2135,1415,1938,79098,6.94,Smartphone,3312,4197,19126,13596,-28.91
179,Samsung,Influencer_41,TikTok,756949,08-03-2025,Video,13177,1185,3999,78649,23.35,Cosmetics,4518,7041,11363,24374,114.5
180,Adidas,Influencer_107,Instagram,646490,09-03-2025,Video,24234,1392,2800,167367,16.98,Cosmetics,4891,6180,17292,33330,92.75
181,Nike,Influencer_31,YouTube,553556,31-03-2025,Story,45394,416,1651,99812,47.55,Shoes,1315,2955,16885,41796,147.53
182,Samsung,Influencer_81,YouTube,813559,14-06-2025,Post,44724,1828,1747,96087,50.27,Cosmetics,2018,4918,10373,41733,302.32
183,Samsung,Influencer_9,Instagram,730511,16-01-2025,Video,49928,1820,1831,196965,27.2,Cosmetics,4732,5192,16386,39126,138.78
184,Adidas,Influencer_41,Instagram,505775,25-06-2025,Reel,11745,616,2053,58087,24.81,Smartphone,1360,3838,5786,45563,687.47
185,Mamaearth,Influencer_63,Instagram,162908,19-02-2025,Video,17369,243,2528,90354,22.29,Shoes,3545,5908,17040,7732,-54.62
186,Boat,Influencer_94,TikTok,531420,13-02-2025,Post,14126,1578,1097,76611,21.93,Protein,4057,5513,15174,27276,79.75
187,Nykaa,Influencer_5,TikTok,420514,10-03-2025,Reel,26190,494,595,82737,32.97,Protein,1069,2015,7002,47751,581.96
188,Nykaa,Influencer_73,TikTok,885207,03-04-2025,Story,42138,1833,2120,97551,47.25,Protein,3791,4348,17920,47410,164.56
189,Nykaa,Influencer_39,Instagram,711094,14-04-2025,Reel,8685,1236,4523,178151,8.11,Cosmetics,2546,5181,13382,26902,101.03
190,Samsung,Influencer_1,YouTube,961095,30-05-2025,Story,7428,1005,2710,130120,8.56,Watch,1768,4360,15799,19888,25.88
191,Mamaearth,Influencer_27,Instagram,451922,29-05-2025,Post,27107,842,3007,43403,71.32,Cosmetics,1758,2813,11398,36606,221.16
192,Nykaa,Influencer_48,Instagram,516051,12-02-2025,Post,4555,672,2985,47634,17.24,Smartphone,2282,4384,8545,34973,309.28
193,Boat,Influencer_62,YouTube,759632,21-04-2025,Story,38185,868,4198,45438,95.19,Headphones,4036,5481,3347,28838,761.61
194,Nike,Influencer_94,Instagram,209369,02-01-2025,Story,16590,981,1680,124301,15.49,Protein,4045,6447,10381,39384,279.39
195,Mamaearth,Influencer_85,TikTok,296803,16-03-2025,Post,48788,1737,3481,179621,30.07,Shoes,4211,5235,7564,44160,483.82
196,Boat,Influencer_10,TikTok,777203,07-03-2025,Video,23792,673,4276,76341,37.65,Headphones,2702,3603,17755,33798,90.36
197,Nykaa,Influencer_42,YouTube,592743,30-03-2025,Reel,2534,1862,698,193549,2.63,Cosmetics,2537,2831,6376,18268,186.51
198,Boat,Influencer_24,Instagram,936652,02-03-2025,Post,1226,1935,4402,16229,46.6,Watch,2471,4967,9932,36169,264.17
199,Nykaa,Influencer_36,TikTok,686567,16-01-2025,Video,13498,1622,2109,153044,11.26,Watch,4958,5824,9108,24640,170.53
200,Mamaearth,Influencer_33,Instagram,240694,08-04-2025,Story,14818,142,1780,81244,20.6,Smartphone,4697,5541,3355,36296,981.85
201,Nike,Influencer_47,TikTok,970877,12-02-2025,Reel,19497,766,4219,53517,45.75,Shoes,2221,4230,7765,6874,-11.47
202,Samsung,Influencer_15,Instagram,467193,30-04-2025,Reel,11823,884,2043,12290,120.02,Watch,1771,3766,17380,6130,-64.73
203,Adidas,Influencer_16,Instagram,282476,20-01-2025,Reel,7636,777,2973,184961,6.16,Smartphone,4954,5805,12883,29205,126.69
204,Adidas,Influencer_24,YouTube,477244,01-04-2025,Post,34446,1458,913,125201,29.41,Smartphone,2903,4608,14585,23473,60.94
205,Boat,Influencer_18,YouTube,619657,30-05-2025,Reel,16276,667,3326,108036,18.76,Protein,2365,3976,1127,11685,936.82
206,Mamaearth,Influencer_41,TikTok,916587,21-03-2025,Story,4587,1600,4704,197337,5.52,Protein,2186,4484,7944,10317,29.87
207,Nike,Influencer_18,YouTube,417538,05-03-2025,Reel,17850,1919,2620,111137,20.15,Watch,2777,4492,11455,32989,187.99
208,Nykaa,Influencer_18,YouTube,648814,29-03-2025,Story,40021,979,1443,186752,22.73,Cosmetics,3211,5172,18021,43298,140.26
209,Adidas,Influencer_32,YouTube,290492,08-01-2025,Reel,40189,1059,2117,186090,23.3,Watch,1252,3392,7601,26413,247.49
210,Boat,Influencer_5,YouTube,396486,21-03-2025,Story,1285,1652,4276,27114,26.6,Protein,4397,5682,7696,15105,96.27
211,Adidas,Influencer_97,Instagram,71538,14-04-2025,Video,33404,1473,1462,147218,24.68,Shoes,3844,6597,3839,44204,1051.45
212,Boat,Influencer_10,TikTok,379301,07-06-2025,Story,12671,815,4819,160731,11.39,Cosmetics,2270,3572,9254,47757,416.07
213,Nike,Influencer_67,YouTube,244212,29-03-2025,Post,5183,200,2879,68405,12.08,Shoes,4055,6406,3923,28613,629.37
214,Adidas,Influencer_87,TikTok,339126,09-03-2025,Reel,3920,130,1844,176920,3.33,Watch,3121,3794,9159,23096,152.17
215,Nike,Influencer_97,TikTok,850348,13-04-2025,Reel,5790,1575,4934,142852,8.61,Headphones,2166,2714,3248,28075,764.38
216,Adidas,Influencer_85,YouTube,583136,25-01-2025,Reel,43981,444,2422,181538,25.81,Smartphone,3258,4362,4134,41670,907.98
217,Nykaa,Influencer_66,Instagram,405946,27-01-2025,Reel,26611,515,112,128971,21.12,Watch,1565,4547,3852,27193,605.94
218,Nykaa,Influencer_65,YouTube,338945,04-06-2025,Video,44544,814,1928,188451,25.09,Cosmetics,4685,5543,3026,6561,116.82
219,Samsung,Influencer_104,Instagram,942911,10-01-2025,Post,6871,342,4314,46288,24.9,Protein,2574,4508,9879,13390,35.54
220,Nike,Influencer_38,YouTube,10326,20-02-2025,Post,33239,912,4728,194250,20.01,Headphones,3302,4986,14789,15324,3.62
221,Nykaa,Influencer_112,TikTok,539511,28-05-2025,Reel,3216,1819,4431,22807,41.5,Smartphone,3472,4107,2274,38815,1606.9
222,Samsung,Influencer_45,TikTok,413954,08-05-2025,Reel,42527,818,38,117713,36.85,Smartphone,3808,6300,17401,38969,123.95
223,Boat,Influencer_38,YouTube,708923,05-05-2025,Story,39000,273,3912,19134,225.7,Shoes,1301,4298,14119,27035,91.48
224,Mamaearth,Influencer_36,YouTube,275416,09-01-2025,Video,13890,1135,2383,126423,13.77,Headphones,2902,5712,9007,41340,358.98
225,Mamaearth,Influencer_62,YouTube,32824,03-05-2025,Reel,30054,399,1210,152722,20.73,Cosmetics,4444,7330,4089,16879,312.79
226,Nike,Influencer_29,YouTube,698962,28-01-2025,Story,44206,1579,2219,41207,116.49,Cosmetics,2760,3946,17126,33449,95.31
227,Nike,Influencer_23,TikTok,757518,11-05-2025,Story,29190,661,3017,20206,162.66,Watch,3525,5074,8257,46900,468
228,Samsung,Influencer_27,YouTube,741190,21-05-2025,Reel,11772,90,59,199240,5.98,Shoes,1660,3873,12212,30492,149.69
229,Boat,Influencer_92,YouTube,680786,01-01-2025,Video,26657,1956,3944,149291,21.81,Watch,1945,2911,15842,7253,-54.22
230,Nike,Influencer_38,YouTube,939077,23-04-2025,Reel,10111,223,1135,99039,11.58,Smartphone,1228,1510,17949,7337,-59.12
231,Samsung,Influencer_90,TikTok,961701,01-05-2025,Post,41201,1304,1433,135928,32.32,Cosmetics,4714,5339,10811,35609,229.38
232,Adidas,Influencer_18,Instagram,522324,02-05-2025,Post,46421,665,2589,6348,782.53,Smartphone,3231,4284,18554,43716,135.61
233,Mamaearth,Influencer_91,Instagram,29654,14-03-2025,Reel,45222,1785,4543,178712,28.85,Watch,2161,3120,7971,36113,353.05
234,Nykaa,Influencer_100,TikTok,997442,14-01-2025,Post,1324,1583,1596,114198,3.94,Cosmetics,1189,2991,15242,45166,196.33
235,Adidas,Influencer_4,TikTok,808397,05-06-2025,Reel,17386,307,522,86821,20.98,Watch,2661,3056,12792,14850,16.09
236,Boat,Influencer_7,YouTube,443359,07-01-2025,Story,40743,727,1743,113151,38.19,Cosmetics,2896,4619,9331,15171,62.59
237,Nike,Influencer_35,TikTok,33718,01-05-2025,Reel,20430,1041,1619,54959,42.01,Watch,3798,6575,19493,38604,98.04
238,Adidas,Influencer_102,TikTok,571905,31-01-2025,Post,15321,716,4190,134292,15.06,Shoes,2612,4904,18684,39040,108.95
239,Nike,Influencer_90,TikTok,798084,07-01-2025,Post,39947,1333,3162,9911,448.41,Protein,1616,2581,9633,18631,93.41
240,Boat,Influencer_36,Instagram,573941,17-02-2025,Story,11495,1045,4814,170846,10.16,Protein,4433,4671,2660,24805,832.52
241,Boat,Influencer_22,TikTok,127243,21-04-2025,Reel,46837,1818,754,187580,26.34,Protein,2145,2964,3501,7380,110.8
242,Mamaearth,Influencer_101,TikTok,988073,13-06-2025,Story,49061,1956,3907,76629,71.68,Headphones,3863,4660,15374,14143,-8.01
243,Samsung,Influencer_113,Instagram,332008,17-05-2025,Story,38321,382,770,41750,94.55,Protein,2665,3103,5920,19824,234.86
244,Mamaearth,Influencer_66,TikTok,369860,18-02-2025,Reel,19785,1111,3787,161778,15.26,Cosmetics,3321,5664,11535,10658,-7.6
245,Adidas,Influencer_65,Instagram,146864,04-02-2025,Post,28085,1941,3698,193428,17.43,Shoes,1456,2094,17364,20600,18.64
246,Adidas,Influencer_10,Instagram,113543,29-06-2025,Reel,17687,1712,4398,199978,11.9,Cosmetics,1853,3387,5376,35723,564.49
247,Adidas,Influencer_113,YouTube,741304,03-01-2025,Reel,2561,1781,4343,92152,9.42,Headphones,4434,7086,14527,31827,119.09
248,Samsung,Influencer_54,Instagram,366567,02-02-2025,Reel,36068,1644,1145,43071,90.22,Shoes,4219,5923,4134,37237,800.75
249,Mamaearth,Influencer_96,YouTube,837861,14-03-2025,Post,32163,1457,3612,103588,35.94,Cosmetics,3359,3942,4886,47357,869.24
250,Boat,Influencer_103,YouTube,157884,23-01-2025,Reel,27791,1582,2860,21306,151.29,Protein,4519,5431,14381,32871,128.57
251,Boat,Influencer_69,TikTok,88476,23-06-2025,Video,45638,1870,4116,83080,62.14,Smartphone,3738,5029,16727,36997,121.18
252,Nykaa,Influencer_110,YouTube,302045,20-05-2025,Reel,43174,1749,1966,181811,25.79,Watch,4881,5163,5742,19597,241.29
253,Nike,Influencer_74,TikTok,386792,05-03-2025,Post,15557,825,4453,75455,27.61,Protein,2390,5356,1504,11860,688.56
254,Adidas,Influencer_115,TikTok,158180,18-02-2025,Story,19383,1551,451,188807,11.33,Protein,3718,4197,17719,26383,48.9
255,Boat,Influencer_86,Instagram,238269,19-05-2025,Story,17251,381,3033,121529,17,Headphones,4565,6060,12821,47221,268.31
256,Adidas,Influencer_94,Instagram,920444,09-03-2025,Story,3018,490,3454,197000,3.53,Shoes,3205,5663,6310,14738,133.57
257,Nykaa,Influencer_51,Instagram,604852,25-04-2025,Video,2763,102,3736,169019,3.91,Shoes,2171,3484,7270,16472,126.57
258,Adidas,Influencer_24,TikTok,45230,15-05-2025,Video,28811,506,2995,52047,62.08,Protein,2441,3987,12770,9134,-28.47
259,Samsung,Influencer_42,TikTok,715344,30-03-2025,Reel,22960,255,1844,7511,333.63,Smartphone,3646,4859,16953,20374,20.18
260,Nykaa,Influencer_46,TikTok,507449,15-04-2025,Reel,17734,1943,1284,177237,11.83,Headphones,3806,4899,19761,37800,91.29
261,Adidas,Influencer_112,YouTube,258817,07-06-2025,Story,22530,1867,1399,161634,15.96,Protein,4855,5987,14133,49449,249.88
262,Adidas,Influencer_4,YouTube,623799,08-02-2025,Video,14267,1415,2156,159460,11.19,Smartphone,1676,3886,17047,27264,59.93
263,Mamaearth,Influencer_94,Instagram,706775,19-04-2025,Reel,30750,662,3351,185021,18.79,Cosmetics,2275,3558,15615,36092,131.14
264,Mamaearth,Influencer_112,Instagram,571348,23-05-2025,Story,44889,1364,2243,66061,73.41,Cosmetics,1020,3494,11572,48690,320.76
265,Adidas,Influencer_15,Instagram,655722,19-05-2025,Reel,1924,875,2564,28852,18.59,Protein,1560,4466,3258,32558,899.32
266,Nykaa,Influencer_17,TikTok,419458,02-03-2025,Reel,29246,594,1556,139399,22.52,Cosmetics,4414,6754,19955,14517,-27.25
267,Boat,Influencer_42,YouTube,431031,14-04-2025,Story,41306,1310,3408,191801,24,Cosmetics,3923,6321,14301,36265,153.58
268,Nykaa,Influencer_14,Instagram,274104,24-03-2025,Post,6587,1590,811,141037,6.37,Shoes,4009,5808,1040,48689,4581.63
269,Mamaearth,Influencer_34,YouTube,673791,03-04-2025,Post,9563,1013,2064,157415,8.03,Smartphone,3091,3906,3120,43064,1280.26
270,Nykaa,Influencer_42,Instagram,351589,16-03-2025,Story,45447,1476,215,168598,27.96,Shoes,1812,4246,18759,42481,126.46
271,Mamaearth,Influencer_30,YouTube,795313,25-03-2025,Story,9637,1229,2959,59201,23.35,Protein,4087,6768,5725,45718,698.57
272,Adidas,Influencer_41,TikTok,192298,02-02-2025,Reel,7601,1883,375,180332,5.47,Headphones,4532,5829,12499,10249,-18
273,Nike,Influencer_76,YouTube,903346,27-01-2025,Reel,14681,296,103,75831,19.89,Headphones,4921,6112,13100,36909,181.75
274,Mamaearth,Influencer_95,Instagram,346633,25-04-2025,Story,3448,324,4042,15941,49.02,Protein,3832,5339,6311,10807,71.24
275,Boat,Influencer_2,YouTube,556751,09-02-2025,Story,26947,1186,3411,48639,64.85,Cosmetics,1433,3495,2306,6980,202.69
276,Nike,Influencer_7,TikTok,65391,21-05-2025,Reel,21060,588,449,124308,17.78,Headphones,2346,5153,14124,15831,12.09
277,Samsung,Influencer_17,TikTok,77050,02-01-2025,Post,24764,345,2302,84792,32.33,Smartphone,2736,2938,13581,20854,53.55
278,Nike,Influencer_83,TikTok,570514,19-02-2025,Post,2625,798,1562,139192,3.58,Headphones,3251,5954,14611,5004,-65.75
279,Adidas,Influencer_66,TikTok,186323,11-04-2025,Story,39691,504,3752,21743,202.12,Smartphone,1858,2899,8470,10262,21.16
280,Nykaa,Influencer_36,TikTok,943690,23-05-2025,Story,18274,1561,882,169455,12.23,Smartphone,4641,6615,19409,48887,151.88
281,Nike,Influencer_17,TikTok,704136,06-02-2025,Post,2122,517,3967,133806,4.94,Watch,2694,4851,8238,12012,45.81
282,Nykaa,Influencer_24,Instagram,397328,15-04-2025,Reel,35477,623,3022,196966,19.86,Protein,2452,4105,7984,18594,132.89
283,Nike,Influencer_89,Instagram,247043,15-05-2025,Reel,15320,1584,1177,95168,19,Watch,2015,3499,12348,16876,36.67
284,Samsung,Influencer_105,TikTok,752700,15-04-2025,Reel,16267,227,4725,26509,80.04,Shoes,4039,5390,10597,7099,-33.01
285,Boat,Influencer_28,YouTube,126090,27-02-2025,Video,31607,577,2058,67735,50.55,Shoes,3580,5941,4643,16755,260.87
286,Boat,Influencer_82,YouTube,291147,27-04-2025,Video,43532,900,2632,159638,29.48,Shoes,3370,5870,11466,24606,114.6
287,Adidas,Influencer_59,YouTube,145212,13-03-2025,Story,28302,961,2258,80951,38.94,Shoes,3084,5033,14153,35206,148.75
288,Nykaa,Influencer_48,Instagram,371265,19-02-2025,Story,22016,1352,1984,134633,18.83,Smartphone,4586,5953,16214,37335,130.26
289,Samsung,Influencer_36,Instagram,125208,25-02-2025,Reel,8982,1807,2457,99949,13.25,Headphones,2333,3250,2839,22464,691.26
290,Boat,Influencer_91,Instagram,969183,23-05-2025,Post,15839,1894,95,109809,16.24,Protein,1600,4437,7533,32123,326.43
291,Adidas,Influencer_118,Instagram,294066,12-04-2025,Video,41373,534,4140,72841,63.22,Cosmetics,3537,5260,16531,32765,98.2
292,Adidas,Influencer_61,Instagram,407715,28-02-2025,Story,38873,1526,1758,50708,83.14,Watch,4268,6827,5411,19586,261.97
293,Mamaearth,Influencer_116,YouTube,251631,02-03-2025,Video,1798,1518,172,114901,3.04,Watch,4110,5177,8474,11371,34.19
294,Nike,Influencer_35,TikTok,376396,15-05-2025,Reel,15509,1690,2135,22948,84.25,Shoes,1915,4815,8500,13948,64.09
295,Boat,Influencer_60,YouTube,863898,29-03-2025,Video,34730,1383,552,177563,20.65,Smartphone,2104,4018,9703,32244,232.31
296,Mamaearth,Influencer_118,Instagram,575788,17-01-2025,Post,40883,1048,4968,42628,110.02,Protein,3409,5417,5976,24409,308.45
297,Adidas,Influencer_37,TikTok,616520,25-04-2025,Post,15321,1871,4604,168371,12.95,Shoes,4133,4655,10581,6394,-39.57
298,Boat,Influencer_85,TikTok,467655,25-02-2025,Video,2986,1177,3042,62214,11.58,Watch,2751,3848,4295,43495,912.69
299,Nike,Influencer_78,Instagram,160360,19-01-2025,Story,24896,1819,4354,197148,15.76,Watch,2703,5043,13313,24497,84.01
300,Adidas,Influencer_75,YouTube,690453,01-01-2025,Video,49734,603,151,118456,42.62,Watch,4120,5068,6659,30329,355.46
301,Nykaa,Influencer_78,YouTube,103700,29-03-2025,Post,20983,744,2906,165671,14.87,Watch,4561,5834,18768,43116,129.73
302,Adidas,Influencer_56,TikTok,160342,03-01-2025,Post,39692,1797,3383,77575,57.84,Protein,3492,3793,12793,17970,40.47
303,Samsung,Influencer_39,YouTube,888811,23-06-2025,Story,35159,360,1125,36006,101.77,Shoes,3397,6064,11683,15149,29.67
304,Nike,Influencer_4,YouTube,644915,28-01-2025,Video,9653,434,4216,34185,41.84,Protein,3846,4753,9664,25178,160.53
305,Samsung,Influencer_44,YouTube,283052,06-05-2025,Post,5767,780,1421,129097,6.17,Smartphone,2263,4667,17014,25984,52.72
306,Adidas,Influencer_23,Instagram,273487,11-04-2025,Post,23925,865,4842,31871,92.97,Watch,3406,5120,17112,15756,-7.92
307,Adidas,Influencer_63,Instagram,94848,15-02-2025,Reel,22374,1997,254,149550,16.47,Shoes,3694,3931,10021,19701,96.6
308,Samsung,Influencer_23,Instagram,672625,27-03-2025,Video,41729,1797,1794,15985,283.52,Cosmetics,1556,3088,8527,17517,105.43
309,Nykaa,Influencer_95,YouTube,41975,17-06-2025,Video,46035,1714,1513,53638,91.84,Headphones,2791,5642,2320,14099,507.72
310,Boat,Influencer_83,Instagram,403604,10-04-2025,Video,31490,1279,69,145676,22.54,Watch,4892,6996,13636,29957,119.69
311,Samsung,Influencer_5,Instagram,636544,31-05-2025,Reel,37762,942,4729,39100,111.08,Shoes,3945,5573,4681,47920,923.71
312,Mamaearth,Influencer_92,TikTok,195823,19-03-2025,Reel,22416,1692,4917,115238,25.19,Shoes,3916,6596,12151,28200,132.08
313,Nykaa,Influencer_110,Instagram,644771,07-01-2025,Reel,38314,378,3344,20276,207.32,Shoes,3673,6422,16013,23361,45.89
314,Adidas,Influencer_92,Instagram,204197,07-01-2025,Post,27533,1560,2056,175748,17.72,Watch,3106,3627,7310,46639,538.02
315,Boat,Influencer_53,Instagram,193177,07-02-2025,Video,7247,1059,645,77343,11.57,Headphones,2196,2488,17515,15532,-11.32
316,Nykaa,Influencer_20,Instagram,913565,05-02-2025,Story,45410,1456,2017,71537,68.33,Smartphone,4399,7305,16414,37882,130.79
317,Nykaa,Influencer_68,TikTok,673353,02-03-2025,Story,27948,546,2937,174179,18.05,Smartphone,2793,3031,14324,5448,-61.97
318,Nike,Influencer_20,TikTok,834873,24-01-2025,Story,15747,623,65,44870,36.63,Watch,4950,6492,12061,12284,1.85
319,Boat,Influencer_42,TikTok,96041,29-06-2025,Post,40631,564,4004,138481,32.64,Cosmetics,1398,3221,3033,35814,1080.81
320,Samsung,Influencer_78,YouTube,28170,07-06-2025,Video,30327,544,1041,58759,54.31,Smartphone,3424,4460,9774,24672,152.42
321,Boat,Influencer_5,YouTube,743937,24-01-2025,Reel,9561,1584,3364,129221,11.23,Watch,2700,3655,9237,11860,28.4
322,Mamaearth,Influencer_80,Instagram,867028,04-02-2025,Post,36766,1686,2550,172943,23.71,Protein,2721,4005,3599,36000,900.28
323,Samsung,Influencer_103,TikTok,589304,21-01-2025,Post,41719,1461,1011,93517,47.25,Headphones,2479,4126,5887,41014,596.69
324,Samsung,Influencer_34,TikTok,291412,16-03-2025,Post,27864,1917,1860,19535,161.97,Shoes,4019,6759,4295,47363,1002.75
325,Nike,Influencer_83,TikTok,478839,18-06-2025,Post,20592,643,682,72300,30.31,Protein,3140,4647,7517,5326,-29.15
326,Samsung,Influencer_58,YouTube,709634,24-02-2025,Story,42292,1957,2098,96370,48.09,Cosmetics,2003,4591,11070,7920,-28.46
327,Nike,Influencer_47,YouTube,650122,09-01-2025,Story,15382,1399,2370,56541,33.87,Headphones,3535,3794,8101,6398,-21.02
328,Mamaearth,Influencer_109,TikTok,669645,30-01-2025,Story,19096,1482,4477,147581,16.98,Protein,2645,3018,2144,47517,2116.28
329,Nike,Influencer_116,YouTube,983124,22-05-2025,Story,42006,1582,4127,128705,37.07,Smartphone,2137,2671,10018,14260,42.34
330,Boat,Influencer_70,TikTok,493756,11-02-2025,Reel,9910,1173,1247,15901,77.54,Smartphone,4557,7259,9921,28140,183.64
331,Nike,Influencer_13,Instagram,130937,24-02-2025,Video,49757,605,383,157957,32.13,Smartphone,3568,5624,3455,24433,607.18
332,Adidas,Influencer_102,YouTube,820306,19-03-2025,Post,37325,1284,737,162465,24.22,Cosmetics,3215,4414,19976,39405,97.26
333,Mamaearth,Influencer_84,TikTok,628796,06-06-2025,Post,25715,344,3864,106947,27.98,Headphones,4814,7161,10771,7499,-30.38
334,Nike,Influencer_80,YouTube,736453,29-06-2025,Post,38216,964,1591,194191,21,Smartphone,3029,5417,13902,19443,39.86
335,Boat,Influencer_3,Instagram,184734,20-05-2025,Reel,19252,1100,3008,33648,69.42,Cosmetics,3032,4059,13647,25619,87.73
336,Nykaa,Influencer_41,YouTube,745781,23-04-2025,Reel,27748,92,125,69268,40.37,Headphones,4161,6929,15776,31089,97.07
337,Mamaearth,Influencer_104,Instagram,339588,18-04-2025,Post,39739,1761,2133,49250,88.59,Watch,2245,4743,3585,6493,81.12
338,Boat,Influencer_11,YouTube,428025,06-04-2025,Post,36121,1383,1724,144790,27.09,Headphones,2887,3618,15415,49649,222.08
339,Nykaa,Influencer_27,YouTube,109193,03-01-2025,Reel,3503,1472,484,138309,3.95,Cosmetics,1135,3575,16223,38594,137.9
340,Boat,Influencer_96,Instagram,690485,03-06-2025,Reel,23206,285,3138,184261,14.45,Shoes,1576,4003,10861,7731,-28.82
341,Nike,Influencer_55,TikTok,362498,22-06-2025,Reel,2709,1908,3324,57324,13.85,Watch,3962,5997,7533,38464,410.61
342,Adidas,Influencer_19,TikTok,68798,17-05-2025,Video,46441,353,4850,181315,28.48,Watch,4175,5105,14003,23633,68.77
343,Nike,Influencer_94,Instagram,490447,13-06-2025,Story,27093,802,4581,121004,26.84,Watch,1885,3144,13335,38230,186.69
344,Adidas,Influencer_49,TikTok,521551,09-01-2025,Reel,8292,1165,108,161954,5.91,Watch,1680,1916,16133,43842,171.75
345,Mamaearth,Influencer_59,Instagram,445446,25-01-2025,Video,49489,1235,2223,188544,28.08,Shoes,3806,4611,14080,49808,253.75
346,Nykaa,Influencer_104,TikTok,857408,05-05-2025,Video,46789,1966,4708,143648,37.22,Protein,2264,2999,12970,21469,65.53
347,Nykaa,Influencer_60,TikTok,106060,20-04-2025,Reel,13985,1277,480,10475,150.28,Cosmetics,1179,3037,8415,29218,247.21
348,Adidas,Influencer_5,YouTube,242274,03-05-2025,Reel,43877,132,4254,177528,27.19,Cosmetics,2894,4456,15023,11036,-26.54
349,Adidas,Influencer_120,YouTube,981464,20-04-2025,Post,7946,967,2474,27950,40.74,Protein,4400,5282,15531,36578,135.52
350,Adidas,Influencer_83,Instagram,658697,30-01-2025,Post,19624,172,1903,132189,16.42,Shoes,2577,3543,18808,39697,111.06
351,Samsung,Influencer_102,YouTube,604160,16-04-2025,Post,42180,318,2757,15568,290.69,Protein,4375,6831,7273,8513,17.05
352,Adidas,Influencer_20,Instagram,93137,23-05-2025,Story,42375,1269,3443,70898,66.42,Shoes,4455,5075,19678,29476,49.79
353,Nike,Influencer_105,Instagram,354853,21-06-2025,Video,45603,791,63,157780,29.44,Headphones,3461,5573,15746,26306,67.06
354,Boat,Influencer_112,TikTok,251756,09-02-2025,Reel,39911,931,189,139260,29.46,Shoes,2969,5340,7346,48314,557.69
355,Adidas,Influencer_102,TikTok,566945,27-01-2025,Story,37573,1342,1081,91784,43.58,Headphones,3731,4011,14497,42847,195.56
356,Boat,Influencer_62,TikTok,993926,17-04-2025,Reel,2128,829,4206,62335,11.49,Protein,4836,5531,5315,25228,374.66
357,Boat,Influencer_68,Instagram,889693,22-01-2025,Reel,2423,1366,45,117853,3.25,Protein,2656,3516,1291,27743,2048.95
358,Samsung,Influencer_63,Instagram,985075,12-06-2025,Video,48076,1546,4003,191631,27.98,Cosmetics,1659,4175,9819,14185,44.46
359,Boat,Influencer_90,TikTok,390742,13-04-2025,Post,18596,1620,1082,13000,163.83,Shoes,4742,6059,13403,12066,-9.98
360,Adidas,Influencer_47,YouTube,689640,21-03-2025,Video,38049,432,2874,93160,44.39,Smartphone,4924,6591,10186,19786,94.25
361,Samsung,Influencer_16,YouTube,89070,26-04-2025,Story,46890,279,793,164543,29.15,Watch,2469,5068,11248,9477,-15.75
362,Nike,Influencer_8,YouTube,396748,01-01-2025,Reel,45845,1949,3489,163451,31.38,Headphones,3970,5545,14660,7411,-49.45
363,Adidas,Influencer_68,Instagram,506242,09-06-2025,Story,34339,1328,4095,151204,26.3,Cosmetics,3880,5411,6487,34989,439.37
364,Boat,Influencer_110,Instagram,756822,18-06-2025,Video,5037,1301,3406,16427,59.32,Headphones,1122,2621,14409,46658,223.81
365,Samsung,Influencer_110,YouTube,198343,11-01-2025,Video,9427,469,276,111052,9.16,Smartphone,1961,4734,14242,15260,7.15
366,Adidas,Influencer_80,TikTok,464653,04-03-2025,Reel,11639,1164,2634,8097,190.65,Protein,3471,3774,19997,42576,112.91
367,Boat,Influencer_40,TikTok,370280,18-05-2025,Story,47636,429,2731,46593,109.02,Shoes,3162,4900,8706,37469,330.38
368,Mamaearth,Influencer_10,TikTok,261532,09-05-2025,Video,25596,171,972,70547,37.9,Watch,3924,4630,5428,23679,336.24
369,Nykaa,Influencer_86,TikTok,251482,11-02-2025,Post,39949,224,540,61910,65.76,Cosmetics,2294,4281,9846,7791,-20.87
370,Nike,Influencer_20,Instagram,889763,23-04-2025,Story,26712,1215,4757,165942,19.7,Shoes,3692,5612,11041,21499,94.72
371,Mamaearth,Influencer_58,TikTok,384229,02-01-2025,Post,46875,733,3669,197214,26,Protein,1138,2194,13244,20899,57.8
372,Nike,Influencer_14,Instagram,60292,03-02-2025,Video,21929,963,829,85019,27.9,Headphones,3004,5960,17459,18718,7.21
373,Samsung,Influencer_66,YouTube,689187,10-06-2025,Post,9500,1131,2187,167944,7.63,Cosmetics,2353,4165,10767,13259,23.14
374,Samsung,Influencer_105,TikTok,965704,19-05-2025,Video,16225,793,907,123868,14.47,Headphones,4558,6704,11694,7895,-32.49
375,Nykaa,Influencer_80,TikTok,168457,11-06-2025,Reel,9372,1725,1710,127232,10.07,Smartphone,3513,4946,6971,37630,439.81
376,Boat,Influencer_118,TikTok,285750,31-01-2025,Post,28161,687,1390,136569,22.14,Smartphone,4510,7467,3221,27605,757.03
377,Mamaearth,Influencer_89,Instagram,98677,16-02-2025,Story,15244,1292,2604,194740,9.83,Headphones,1002,1428,8067,29710,268.29
378,Nykaa,Influencer_43,Instagram,213215,08-06-2025,Story,17062,1522,2677,188558,11.28,Shoes,2399,3631,5268,34455,554.04
379,Boat,Influencer_37,Instagram,16035,06-04-2025,Video,31896,615,2846,7283,485.47,Shoes,4250,4759,4568,8298,81.65
380,Nykaa,Influencer_73,TikTok,152854,24-04-2025,Reel,31088,511,4539,103800,34.82,Watch,1414,1952,13670,14968,9.5
381,Nike,Influencer_22,TikTok,409726,09-03-2025,Story,14791,1090,4972,94352,22.1,Smartphone,2190,3610,3892,19681,405.68
382,Nykaa,Influencer_107,TikTok,328129,15-06-2025,Post,22874,1195,2385,69987,37.8,Cosmetics,2207,3306,8368,38729,362.82
383,Adidas,Influencer_17,Instagram,428801,23-06-2025,Video,49894,1137,352,121113,42.43,Shoes,3753,5710,2894,14391,397.27
384,Adidas,Influencer_1,YouTube,887930,09-03-2025,Reel,21373,503,3991,185051,13.98,Protein,4674,5595,15397,43323,181.37
385,Samsung,Influencer_39,TikTok,810779,02-03-2025,Post,1876,1993,1485,41344,12.95,Smartphone,2605,3802,3500,7721,120.6
386,Nike,Influencer_84,YouTube,433383,02-06-2025,Video,14697,139,910,118217,13.32,Watch,4154,5246,12333,47626,286.17
387,Nike,Influencer_44,Instagram,107751,03-05-2025,Video,12075,200,2628,159355,9.35,Shoes,2760,5688,9466,13722,44.96
388,Nike,Influencer_96,TikTok,951177,14-06-2025,Video,20576,1277,2502,37026,65.78,Smartphone,2169,5093,14094,25171,78.59
389,Nykaa,Influencer_22,YouTube,302622,10-04-2025,Story,11440,1647,2011,95778,15.76,Smartphone,2948,4714,4574,48128,952.21
390,Adidas,Influencer_35,TikTok,932638,13-04-2025,Video,7950,1163,3384,176007,7.1,Cosmetics,2201,4667,11537,23661,105.09
391,Nike,Influencer_19,YouTube,497073,16-04-2025,Reel,25452,1352,2283,127778,22.76,Protein,4746,6537,16847,33887,101.15
392,Nykaa,Influencer_98,Instagram,17263,10-02-2025,Post,6310,1334,3644,136481,8.27,Headphones,1366,1733,15261,17055,11.76
393,Nykaa,Influencer_106,YouTube,307503,13-03-2025,Story,41081,1698,3605,59276,78.25,Headphones,1111,3326,19631,8217,-58.14
394,Nykaa,Influencer_13,TikTok,680346,23-04-2025,Story,6902,1045,795,172336,5.07,Headphones,1314,3422,18638,44625,139.43
395,Boat,Influencer_47,TikTok,191186,06-04-2025,Video,44926,1073,1186,171820,27.46,Headphones,1963,4054,12012,5331,-55.62
396,Samsung,Influencer_79,TikTok,851597,27-04-2025,Story,6883,1820,3239,79186,15.08,Smartphone,2919,3948,3271,38941,1090.49
397,Mamaearth,Influencer_57,YouTube,601192,24-06-2025,Video,30055,1471,104,159420,19.84,Watch,2770,3758,17182,23444,36.45
398,Samsung,Influencer_44,TikTok,213345,14-06-2025,Story,19924,1759,1791,122289,19.2,Watch,2277,2733,6491,7713,18.83
399,Samsung,Influencer_82,TikTok,958619,10-01-2025,Video,7807,746,2317,152572,7.12,Watch,2632,4766,9673,14432,49.2
400,Boat,Influencer_74,Instagram,628777,21-01-2025,Video,49475,89,471,40688,122.97,Cosmetics,4771,6388,4044,45057,1014.17
401,Mamaearth,Influencer_112,YouTube,470673,06-02-2025,Story,23393,558,3962,112572,24.8,Smartphone,4715,5761,8096,48715,501.72
402,Samsung,Influencer_58,Instagram,423110,09-04-2025,Post,5618,547,68,44016,14.16,Headphones,4912,6408,12122,9975,-17.71
403,Nike,Influencer_115,TikTok,570529,28-05-2025,Post,37830,261,751,156907,24.75,Smartphone,2080,3514,18380,18124,-1.39
404,Nykaa,Influencer_35,Instagram,916099,04-02-2025,Video,7033,535,3404,124778,8.79,Protein,2329,4535,15975,35634,123.06
405,Nike,Influencer_68,YouTube,354590,06-03-2025,Video,8613,333,1288,170495,6,Headphones,4164,6489,10133,17295,70.68
406,Nykaa,Influencer_90,Instagram,506207,02-05-2025,Story,9345,656,1696,36974,31.64,Cosmetics,2322,3328,3391,13541,299.32
407,Boat,Influencer_110,TikTok,39147,30-05-2025,Post,49753,1328,1792,72071,73.36,Shoes,2743,5154,6507,35394,443.94
408,Nike,Influencer_33,Instagram,788711,20-04-2025,Story,44795,1456,383,147407,31.64,Headphones,1320,3819,8278,41347,399.48
409,Nykaa,Influencer_19,YouTube,833927,27-04-2025,Reel,36348,1780,2615,199674,20.4,Watch,2350,4896,3501,22371,538.99
410,Samsung,Influencer_111,Instagram,95894,22-05-2025,Post,34782,1860,4756,96287,42.99,Smartphone,1428,2982,10953,39957,264.8
411,Mamaearth,Influencer_97,TikTok,138720,23-05-2025,Video,41832,548,295,121346,35.17,Protein,3777,5353,18220,39366,116.06
412,Nike,Influencer_84,YouTube,820087,12-03-2025,Video,29239,1908,1956,105644,31.33,Watch,2478,3068,13884,35363,154.7
413,Nike,Influencer_58,Instagram,83086,11-03-2025,Video,44680,1873,2177,147957,32.94,Headphones,3222,5060,12907,48886,278.76
414,Nykaa,Influencer_43,Instagram,466605,28-03-2025,Reel,33313,1450,216,169507,20.64,Headphones,2244,4773,17102,42690,149.62
415,Samsung,Influencer_60,TikTok,91231,27-01-2025,Post,13239,1493,912,186014,8.41,Shoes,2894,3783,18543,45404,144.86
416,Samsung,Influencer_7,Instagram,213321,08-03-2025,Reel,43204,581,614,16397,270.78,Headphones,4576,6647,13066,28817,120.55
417,Samsung,Influencer_8,YouTube,610154,29-03-2025,Post,34458,2000,4877,70487,58.64,Headphones,4221,5609,4476,8363,86.84
418,Adidas,Influencer_5,TikTok,703357,31-03-2025,Post,22035,425,3731,90097,29.07,Protein,3842,4742,19078,34402,80.32
419,Boat,Influencer_120,YouTube,720499,03-02-2025,Reel,39028,579,3207,73638,58.14,Watch,1089,2123,9493,14886,56.81
420,Samsung,Influencer_44,YouTube,724267,15-01-2025,Post,48061,1274,2593,100708,51.56,Cosmetics,1612,3688,8772,36379,314.72
421,Adidas,Influencer_81,YouTube,835734,22-04-2025,Post,24125,1244,994,9062,290.92,Shoes,3905,4552,9715,20015,106.02
422,Mamaearth,Influencer_9,YouTube,361335,21-02-2025,Video,48388,1764,4206,106195,51.19,Smartphone,1435,3971,8641,20278,134.67
423,Boat,Influencer_43,YouTube,565839,09-04-2025,Post,37528,409,3837,196633,21.24,Cosmetics,2087,4026,6996,36919,427.72
424,Nike,Influencer_90,TikTok,922863,22-04-2025,Reel,49248,1721,4572,59600,93.19,Shoes,3494,4569,11686,7129,-39
425,Boat,Influencer_108,YouTube,383454,02-02-2025,Story,25132,1896,3151,34543,87.37,Smartphone,4067,6050,2909,30021,932
426,Mamaearth,Influencer_34,TikTok,537860,09-02-2025,Post,20566,878,2045,32237,72.86,Smartphone,1268,2715,14779,24445,65.4
427,Samsung,Influencer_114,Instagram,288043,17-05-2025,Post,17058,1734,533,57704,33.49,Smartphone,3809,4145,12399,11106,-10.43
428,Mamaearth,Influencer_4,YouTube,28353,15-06-2025,Reel,7904,202,1818,182202,5.45,Cosmetics,2692,3966,4337,18880,335.32
429,Samsung,Influencer_59,YouTube,489075,23-02-2025,Reel,46218,1524,4646,159748,32.79,Protein,2401,2627,7359,7367,0.11
430,Nykaa,Influencer_111,YouTube,911632,12-02-2025,Post,41069,471,4127,138782,32.91,Protein,1906,2134,15459,9848,-36.3
431,Mamaearth,Influencer_38,TikTok,48628,15-05-2025,Video,20489,299,1424,183090,12.13,Smartphone,4685,5791,16123,44162,173.91
432,Mamaearth,Influencer_14,YouTube,260646,10-06-2025,Story,26608,927,3992,115363,27.33,Watch,3213,4263,12644,5626,-55.5
433,Boat,Influencer_62,Instagram,916890,07-01-2025,Reel,17372,291,359,119582,15.07,Cosmetics,4346,5046,18264,16198,-11.31
434,Samsung,Influencer_30,Instagram,500783,13-04-2025,Post,8766,354,4643,188815,7.29,Shoes,1798,4179,9155,32190,251.61
435,Mamaearth,Influencer_84,TikTok,190472,05-05-2025,Post,7062,787,3456,22863,49.45,Smartphone,1352,3252,10726,22418,109.01
436,Nike,Influencer_33,YouTube,772125,22-02-2025,Reel,15971,1191,3544,11035,187.64,Smartphone,1939,2265,4762,21801,357.81
437,Nykaa,Influencer_21,Instagram,21669,08-06-2025,Video,14425,1838,4612,98805,21.13,Protein,1811,3770,13806,6008,-56.48
438,Mamaearth,Influencer_25,Instagram,885465,02-06-2025,Story,30341,1958,1392,138782,24.28,Headphones,4552,4973,19863,30429,53.19
439,Mamaearth,Influencer_106,TikTok,161844,08-02-2025,Reel,19889,289,2736,99513,23.03,Watch,2110,4477,3108,39962,1185.78
440,Nykaa,Influencer_116,YouTube,834094,01-02-2025,Post,23913,1686,4513,75445,39.91,Protein,4367,6987,6830,14672,114.82
441,Nike,Influencer_77,YouTube,603767,24-05-2025,Reel,43397,402,2424,150354,30.74,Shoes,1213,4212,17641,34640,96.36
442,Mamaearth,Influencer_99,TikTok,743070,24-02-2025,Story,9071,132,3724,155632,8.31,Smartphone,3409,4423,11120,7701,-30.75
443,Samsung,Influencer_28,TikTok,344189,07-06-2025,Video,42356,163,1166,18220,239.76,Smartphone,3483,4039,16460,49089,198.23
444,Nykaa,Influencer_67,Instagram,840878,05-03-2025,Post,1248,1549,2910,192665,2.96,Headphones,4966,6829,12905,16217,25.66
445,Adidas,Influencer_59,YouTube,494115,16-01-2025,Reel,29673,1215,4593,83385,42.55,Smartphone,4927,5457,10270,46259,350.43
446,Adidas,Influencer_34,TikTok,644204,18-02-2025,Reel,28202,461,2258,83061,37.23,Headphones,4911,6418,11392,14799,29.91
447,Adidas,Influencer_32,YouTube,405598,29-01-2025,Story,35308,1003,1113,116026,32.25,Watch,2779,3623,14315,31905,122.88
448,Adidas,Influencer_116,YouTube,637525,20-03-2025,Reel,37169,174,3037,26877,150.24,Headphones,2510,4339,16939,41372,144.24
449,Samsung,Influencer_90,YouTube,52904,30-04-2025,Post,47480,205,333,151512,31.69,Smartphone,3633,4480,11092,28510,157.03
450,Nike,Influencer_34,YouTube,928249,23-05-2025,Reel,12648,1370,868,168276,8.85,Protein,3165,4793,1106,28586,2484.63
451,Mamaearth,Influencer_12,TikTok,103466,08-06-2025,Video,23147,368,2871,173177,15.24,Cosmetics,3700,4497,6528,17828,173.1
452,Samsung,Influencer_112,YouTube,172045,25-06-2025,Story,18050,624,2118,173111,12.01,Headphones,1669,2141,11152,36328,225.75
453,Adidas,Influencer_62,TikTok,778428,10-01-2025,Video,25347,422,94,127124,20.34,Headphones,2752,5093,11346,45050,297.06
454,Mamaearth,Influencer_96,Instagram,141186,30-01-2025,Video,24398,1345,4206,162103,18.48,Cosmetics,3308,4481,3781,8263,118.54
455,Nykaa,Influencer_65,YouTube,833814,23-06-2025,Video,44352,890,2182,20443,231.98,Shoes,1141,3483,4342,21042,384.62
456,Samsung,Influencer_58,TikTok,75587,03-01-2025,Reel,13304,1737,4112,175281,10.93,Watch,4416,6267,3053,39376,1189.75
457,Boat,Influencer_19,TikTok,58407,14-01-2025,Video,38060,988,1552,102721,39.52,Cosmetics,4775,7101,11702,18731,60.07
458,Nykaa,Influencer_11,Instagram,506913,20-02-2025,Story,7151,1959,1501,196328,5.4,Protein,3712,5546,17686,36877,108.51
459,Mamaearth,Influencer_37,Instagram,655790,28-06-2025,Video,48456,1636,1893,19930,260.84,Headphones,3891,4632,6703,8709,29.93
460,Nykaa,Influencer_103,TikTok,597538,02-06-2025,Reel,29786,351,77,33289,90.76,Shoes,2413,2973,15484,45460,193.59
461,Samsung,Influencer_28,TikTok,695312,16-06-2025,Post,15062,99,876,84091,19.07,Protein,3762,4354,9583,37427,290.56
462,Boat,Influencer_48,YouTube,234641,08-06-2025,Story,40605,94,2179,171331,25.03,Shoes,4294,4534,5044,16829,233.64
463,Nykaa,Influencer_7,TikTok,348676,07-02-2025,Post,23755,1550,4686,145628,20.59,Smartphone,3633,5931,8699,17385,99.85
464,Samsung,Influencer_109,TikTok,950032,13-04-2025,Story,32135,689,1652,173616,19.86,Shoes,3037,3412,9923,24551,147.42
465,Samsung,Influencer_5,TikTok,64729,10-06-2025,Story,40378,514,4094,65512,68.67,Shoes,1233,3055,1794,30437,1596.6
466,Nike,Influencer_119,YouTube,36479,21-06-2025,Post,36607,887,1156,63789,60.59,Protein,4393,6314,5762,38417,566.73
467,Mamaearth,Influencer_7,Instagram,103454,30-05-2025,Post,21591,1721,3258,55993,47.45,Headphones,4354,6129,9379,37477,299.58
468,Mamaearth,Influencer_62,TikTok,333909,13-04-2025,Video,49639,59,2769,100551,52.18,Shoes,1290,3784,4669,6237,33.58
469,Nykaa,Influencer_75,YouTube,533552,03-04-2025,Video,25822,1175,504,197867,13.9,Cosmetics,2562,3160,19732,13243,-32.89
470,Boat,Influencer_89,TikTok,388953,27-03-2025,Story,43902,680,639,27280,165.77,Smartphone,1546,2925,19394,31055,60.13
471,Adidas,Influencer_111,YouTube,179951,16-01-2025,Story,5066,1998,2169,50804,18.17,Headphones,2108,2639,1585,44975,2737.54
472,Boat,Influencer_12,TikTok,944745,02-01-2025,Reel,25209,761,1735,45260,61.21,Smartphone,4009,4617,15997,41310,158.24
473,Samsung,Influencer_12,TikTok,122707,17-04-2025,Story,47693,1294,4778,85769,62.69,Smartphone,4523,5172,10136,24630,143
474,Samsung,Influencer_2,TikTok,606300,21-05-2025,Post,3921,1793,4546,126034,8.14,Protein,4116,6953,9218,49509,437.09
475,Mamaearth,Influencer_79,YouTube,621295,09-06-2025,Video,19377,224,3755,126767,18.42,Smartphone,2008,3886,4672,22792,387.84
476,Nike,Influencer_28,YouTube,859838,04-06-2025,Story,30385,623,2858,81977,41.31,Watch,2806,3847,5046,17497,246.75
477,Mamaearth,Influencer_93,TikTok,910272,23-06-2025,Reel,1097,1808,2518,116085,4.67,Cosmetics,4736,5458,13156,24486,86.12
478,Boat,Influencer_41,TikTok,289371,20-02-2025,Video,13365,1233,1808,52758,31.1,Shoes,2747,4237,1200,49298,4008.17
479,Boat,Influencer_108,YouTube,97534,28-05-2025,Post,7480,1653,26,190281,4.81,Headphones,4929,7883,3643,13524,271.23
480,Adidas,Influencer_58,YouTube,412261,06-05-2025,Post,43348,1976,1344,195681,23.85,Smartphone,1147,1976,14237,5565,-60.91
481,Nykaa,Influencer_40,Instagram,670348,12-03-2025,Story,35404,313,1887,54624,68.84,Cosmetics,2610,3826,9073,23181,155.49
482,Adidas,Influencer_4,TikTok,584419,26-05-2025,Video,13173,1364,3247,196546,9.05,Protein,3784,4444,14368,39721,176.45
483,Nike,Influencer_116,TikTok,792566,01-03-2025,Reel,26420,374,2183,154874,18.71,Headphones,1025,3003,12518,31583,152.3
484,Nykaa,Influencer_30,YouTube,364888,30-06-2025,Story,27241,1434,4862,22547,148.74,Smartphone,3399,5446,2026,23363,1053.16
485,Nykaa,Influencer_51,YouTube,457837,30-03-2025,Video,9148,1706,1218,192688,6.27,Smartphone,2359,5306,4081,11055,170.89
486,Nykaa,Influencer_68,Instagram,831799,01-01-2025,Reel,44244,414,2544,199160,23.7,Shoes,1279,1635,15358,23703,54.34
487,Mamaearth,Influencer_51,TikTok,223750,19-05-2025,Story,40180,576,2617,89488,48.47,Cosmetics,2368,3697,6977,22946,228.88
488,Boat,Influencer_25,YouTube,807360,03-02-2025,Reel,27443,1164,3827,75217,43.12,Cosmetics,3219,5063,14017,6640,-52.63
489,Nykaa,Influencer_69,TikTok,947701,20-03-2025,Post,12341,1646,4311,165512,11.06,Smartphone,2155,5022,8668,35554,310.18
490,Boat,Influencer_72,TikTok,149812,16-03-2025,Video,36534,1292,1042,110920,35.04,Headphones,2691,4028,5533,15021,171.48
491,Adidas,Influencer_1,TikTok,501343,05-03-2025,Post,18846,1078,4449,181163,13.45,Headphones,1239,1604,2726,48218,1668.82
492,Samsung,Influencer_88,Instagram,765380,21-03-2025,Video,18694,341,1276,65170,31.17,Smartphone,4840,5720,11827,13015,10.04
493,Boat,Influencer_89,YouTube,848495,26-01-2025,Reel,25870,1466,3317,85426,35.88,Shoes,2568,4177,6103,12109,98.41
494,Mamaearth,Influencer_50,Instagram,128525,07-05-2025,Reel,39553,221,3293,84403,51.03,Watch,2638,5335,6729,41053,510.09
495,Nykaa,Influencer_54,TikTok,911604,08-04-2025,Video,26637,172,2314,191889,15.18,Watch,1675,4414,11257,8716,-22.57
496,Mamaearth,Influencer_80,Instagram,610114,20-01-2025,Reel,39453,1636,324,138678,29.86,Smartphone,2134,4884,2522,7421,194.25
497,Nykaa,Influencer_22,Instagram,939712,22-05-2025,Reel,30391,625,72,108918,28.54,Smartphone,1586,2158,5043,26229,420.11
498,Nykaa,Influencer_27,YouTube,115706,04-03-2025,Story,24455,886,4464,17904,166.47,Shoes,4141,5897,7166,20433,185.14
499,Boat,Influencer_20,Instagram,549445,06-06-2025,Story,28625,779,2501,105801,30.16,Cosmetics,3474,5615,6107,46694,664.6
500,Boat,Influencer_89,YouTube,974940,01-06-2025,Video,45449,379,198,13535,340.05,Shoes,3594,4014,5946,41492,597.81
